Words,Regulations
sanksi,Peraturan 2
sanksi,Peraturan 126
sanksi,Peraturan 99
sanksi,Peraturan 56
sanksi,Peraturan 4
sanksi,Peraturan 4
sanksi,Peraturan 37
sanksi,Peraturan 4
sanksi,Peraturan 4
sanksi,Peraturan 49
sanksi,Peraturan 00
sanksi,Peraturan 133
sanksi,Peraturan 06
sanksi,Peraturan 45
sanksi,Peraturan 05
sanksi,Peraturan 4
sanksi,Peraturan 12
sanksi,Peraturan 25
sanksi,Peraturan 2
sanksi,Peraturan 04
sanksi,Peraturan 5
sanksi,Peraturan 9
sanksi,Peraturan 3
sanksi,Peraturan 3
sanksi,Peraturan 34
sanksi,Peraturan 57
sanksi,Peraturan 10
sanksi,Peraturan 415
sanksi,Peraturan 93
sanksi,Peraturan 10
sanksi,Peraturan 14
sanksi,Peraturan 0
sanksi,Peraturan 3
sanksi,Peraturan 56
sanksi,Peraturan 25
sanksi,Peraturan 94
sanksi,Peraturan 84
sanksi,Peraturan 4
sanksi,Peraturan 45
sanksi,Peraturan 25
sanksi,Peraturan 7
sanksi,Peraturan 4
sanksi,Peraturan 28
sanksi,Peraturan 24
sanksi,Peraturan 18
sanksi,Peraturan 0
sanksi,Peraturan 495
sanksi,Peraturan 18
sanksi,Peraturan 415
sanksi,Peraturan 31
sanksi,Peraturan 7
sanksi,Peraturan 3
sanksi,Peraturan 4
sanksi,Peraturan 33
sanksi,Peraturan 02
sanksi,Peraturan 44
sanksi,Peraturan 415
sanksi,Peraturan 137
sanksi,Peraturan 32
sanksi,Peraturan 24
sanksi,Peraturan 91
sanksi,Peraturan 16
sanksi,Peraturan 8
sanksi,Peraturan 32
sanksi,Peraturan 5
sanksi,Peraturan 64
sanksi,Peraturan 20
sanksi,Peraturan 698
sanksi,Peraturan 76
sanksi,Peraturan 415
sanksi,Peraturan 3
sanksi,Peraturan 0
sanksi,Peraturan 564
sanksi,Peraturan 22
sanksi,Peraturan 16
sanksi,Peraturan 59
sanksi,Peraturan 58
sanksi,Peraturan 7
sanksi,Peraturan 29
sanksi,Peraturan 416
sanksi,Peraturan 415
sanksi,Peraturan 5
sanksi,Peraturan 415
sanksi,Peraturan 6
sanksi,Peraturan 4
sanksi,Peraturan 7
sanksi,Peraturan 2
sanksi,Peraturan 8
sanksi,Peraturan 40
sanksi,Peraturan 0
sanksi,Peraturan 7
sanksi,Peraturan 70
sanksi,Peraturan 4
sanksi,Peraturan 13
sanksi,Peraturan 2
sanksi,Peraturan 69
sanksi,Peraturan 6
sanksi,Peraturan 6
sanksi,Peraturan 59
sanksi,Peraturan 03
sanksi,Peraturan 10
sanksi,Peraturan 4
sanksi,Peraturan 68
sanksi,Peraturan 03
